feature,importance
malestares_n,0.4930625061976922
estado_n,0.317098736482691
calidad_n,0.10175587699089793
deficit_n,0.08808288032871885
